Scope,Status,Notes
Positioning & Plans,‚ö†Ô∏è Partial,Plans/UI exist; enforce entitlements on server; upsell attach flow to checkout.
Core System,‚ö†Ô∏è Partial,CRM/Invoices/Analytics/Templates solid; Storefront/public catalog thin.
Agent Packs (5 named),üö´ Missing,Create /api/packs; seed 5 packs w/ DoD and UI cards.
Pods (5) + DoD,‚ö†Ô∏è Partial,Add Pods marketplace; sprint DoD; billing tie-in.
Autonomy & Policy,‚ö†Ô∏è Partial,Central policy model; Mirror-Backs panel; budget caps enforced.
Onboarding & Intake,‚ö†Ô∏è Partial,Go-Live wizard (7‚Äì14d); segment kits; route to Pods.
"Integrations (iCadence, vSuite, P&P)",‚ö†Ô∏è Partial,Channels/UTMs; license handshake; signed webhooks.
Impact Track,üö´ Missing,Models for subsidies & uplift; intake toggle + reporting.
Telemetry & Metrics,‚ö†Ô∏è Partial,Define lifecycle events; attach-rate; basic ROAS.
Security & Compliance,‚ö†Ô∏è Partial,Rate limits; privacy center; CSRF/CORS tighten; audit ‚úÖ strong.
